Source,Words,Nodes,Fiedler(λ2),λ3,λ4,spectral gap
AI,204,151,0.293042,0.454596,0.549729,0.161554
AI,204,134,0.903829,0.966017,1.08737,0.062188
AI,194,123,0.809095,0.946944,0.97603,0.137849
AI,195,141,0.364773,0.462781,0.574959,0.0980079
AI,197,145,0.34065,0.497648,0.544165,0.156998
