Source,Words,Nodes,Fiedler(λ2),λ3,λ4,spectral gap
AI,204,135,0.598743,0.687719,1.04981,0.0889764
AI,211,123,0.962123,1.09573,1.30387,0.133605
AI,193,127,0.804212,1.05241,1.15363,0.248202
AI,217,109,0.818848,0.976181,1.0828,0.157334
AI,204,120,0.802421,1.03354,1.20368,0.23112
